{"cameraMode":{"drawMode":0,"name":"Shaded","section":"Shading Mode"},"sceneLighting":true,"audioPlay":false,"sceneViewState":{"showFog":true,"showMaterialUpdate":false,"showSkybox":false,"showFlares":true,"showImageEffects":true,"showParticleSystems":true},"in2DMode":false,"pivot":{"x":3.5898053646087648,"y":3.187140703201294,"z":-3.6772677898406984},"rotation":{"x":0.07583456486463547,"y":0.006221480201929808,"z":-0.0023651104420423509,"w":0.9973845481872559},"size":5.2310638427734379,"orthographic":false}