{"cameraMode":{"drawMode":0,"name":"Shaded","section":"Shading Mode"},"sceneLighting":false,"audioPlay":false,"sceneViewState":{"showFog":true,"showMaterialUpdate":false,"showSkybox":false,"showFlares":true,"showImageEffects":true,"showParticleSystems":true},"in2DMode":false,"pivot":{"x":-0.8241272568702698,"y":-1.277410864830017,"z":-10.905515670776368},"rotation":{"x":-0.0022649632301181556,"y":0.9974844455718994,"z":-0.060820624232292178,"w":-0.03681141883134842},"size":12.028308868408204,"orthographic":false}