{"cameraMode":{"drawMode":0,"name":"Shaded","section":"Shading Mode"},"sceneLighting":true,"audioPlay":false,"sceneViewState":{"showFog":true,"showMaterialUpdate":false,"showSkybox":false,"showFlares":true,"showImageEffects":true,"showParticleSystems":true},"in2DMode":false,"pivot":{"x":5.586429595947266,"y":1.2608968019485474,"z":4.448730945587158},"rotation":{"x":0.12334546446800232,"y":-0.07568663358688355,"z":0.008203115314245224,"w":0.9896751046180725},"size":4.405327320098877,"orthographic":false}