{"cameraMode":{"drawMode":0,"name":"Shaded","section":"Shading Mode"},"sceneLighting":false,"audioPlay":false,"sceneViewState":{"showFog":true,"showMaterialUpdate":false,"showSkybox":false,"showFlares":true,"showImageEffects":true,"showParticleSystems":true},"in2DMode":false,"pivot":{"x":-20.622297286987306,"y":1.2520527839660645,"z":-5.84251594543457},"rotation":{"x":-0.03922076150774956,"y":-0.7711120843887329,"z":0.047721732407808307,"w":-0.6337006688117981},"size":6.164456367492676,"orthographic":false}