{"cameraMode":{"drawMode":0,"name":"Shaded","section":"Shading Mode"},"sceneLighting":false,"audioPlay":false,"sceneViewState":{"showFog":true,"showMaterialUpdate":false,"showSkybox":false,"showFlares":true,"showImageEffects":true,"showParticleSystems":true},"in2DMode":false,"pivot":{"x":-16.71320343017578,"y":2.226513624191284,"z":0.40770423412323},"rotation":{"x":-0.03922076150774956,"y":-0.7711120843887329,"z":0.047721732407808307,"w":-0.6337006688117981},"size":5.555298805236816,"orthographic":false}