{"cameraMode":{"drawMode":0,"name":"Shaded","section":"Shading Mode"},"sceneLighting":false,"audioPlay":false,"sceneViewState":{"showFog":true,"showMaterialUpdate":false,"showSkybox":false,"showFlares":true,"showImageEffects":true,"showParticleSystems":true},"in2DMode":false,"pivot":{"x":-22.0067138671875,"y":5.290481090545654,"z":1.0609307289123536},"rotation":{"x":0.010954808443784714,"y":0.9172186255455017,"z":-0.3974534273147583,"w":0.025340713560581209},"size":22.55611801147461,"orthographic":false}