{"cameraMode":{"drawMode":0,"name":"Shaded","section":"Shading Mode"},"sceneLighting":false,"audioPlay":false,"sceneViewState":{"showFog":true,"showMaterialUpdate":false,"showSkybox":false,"showFlares":true,"showImageEffects":true,"showParticleSystems":true},"in2DMode":false,"pivot":{"x":-12.43218994140625,"y":2.315520763397217,"z":0.32150575518608096},"rotation":{"x":-0.03922076150774956,"y":-0.7711120843887329,"z":0.047721732407808307,"w":-0.6337006688117981},"size":6.308619499206543,"orthographic":false}