{"cameraMode":{"drawMode":0,"name":"Shaded","section":"Shading Mode"},"sceneLighting":false,"audioPlay":false,"sceneViewState":{"showFog":true,"showMaterialUpdate":false,"showSkybox":false,"showFlares":true,"showImageEffects":true,"showParticleSystems":true},"in2DMode":false,"pivot":{"x":1.5641212769423874e-7,"y":0.03832249343395233,"z":0.06540964543819428},"rotation":{"x":0.07112991064786911,"y":0.6974346041679382,"z":-0.06991087645292282,"w":0.7096954584121704},"size":22.0,"orthographic":false}