{"cameraMode":{"drawMode":0,"name":"Shaded","section":"Shading Mode"},"sceneLighting":false,"audioPlay":false,"sceneViewState":{"showFog":true,"showMaterialUpdate":false,"showSkybox":false,"showFlares":true,"showImageEffects":true,"showParticleSystems":true},"in2DMode":false,"pivot":{"x":-2.4062607288360597,"y":-0.09150315821170807,"z":-3.450395345687866},"rotation":{"x":-0.0009740684181451798,"y":0.9990606904029846,"z":-0.03237958997488022,"w":-0.02936905063688755},"size":10.908546447753907,"orthographic":false}