{"cameraMode":{"drawMode":0,"name":"Shaded","section":"Shading Mode"},"sceneLighting":true,"audioPlay":false,"sceneViewState":{"showFog":true,"showMaterialUpdate":false,"showSkybox":true,"showFlares":true,"showImageEffects":true,"showParticleSystems":true},"in2DMode":false,"pivot":{"x":42.7489013671875,"y":12.321927070617676,"z":349.1517333984375},"rotation":{"x":0.0001777148136170581,"y":0.9993686079978943,"z":-0.024007201194763185,"w":0.0313948318362236},"size":3.8482718467712404,"orthographic":false}