{"cameraMode":{"drawMode":0,"name":"Shaded","section":"Shading Mode"},"sceneLighting":true,"audioPlay":false,"sceneViewState":{"showFog":true,"showMaterialUpdate":false,"showSkybox":false,"showFlares":true,"showImageEffects":true,"showParticleSystems":true},"in2DMode":false,"pivot":{"x":5.613037109375,"y":1.3157260417938233,"z":3.9225497245788576},"rotation":{"x":0.04382361099123955,"y":0.1085866242647171,"z":0.004811395425349474,"w":-0.993125855922699},"size":4.405327320098877,"orthographic":false}