{"cameraMode":{"drawMode":0,"name":"Shaded","section":"Shading Mode"},"sceneLighting":false,"audioPlay":false,"sceneViewState":{"showFog":true,"showMaterialUpdate":false,"showSkybox":false,"showFlares":true,"showImageEffects":true,"showParticleSystems":true},"in2DMode":false,"pivot":{"x":-0.05276811122894287,"y":0.21603013575077058,"z":-0.029735326766967775},"rotation":{"x":-0.03922076150774956,"y":-0.7711120843887329,"z":0.047721732407808307,"w":-0.6337006688117981},"size":1.897975206375122,"orthographic":false}