{"cameraMode":{"drawMode":0,"name":"Shaded","section":"Shading Mode"},"sceneLighting":true,"audioPlay":false,"sceneViewState":{"showFog":true,"showMaterialUpdate":false,"showSkybox":true,"showFlares":true,"showImageEffects":true,"showParticleSystems":true},"in2DMode":false,"pivot":{"x":-351.4886779785156,"y":63.59151077270508,"z":505.15728759765627},"rotation":{"x":0.005112903192639351,"y":0.8683142066001892,"z":-0.009172438643872738,"w":0.49603116512298586},"size":39.87262725830078,"orthographic":false}