{"cameraMode":{"drawMode":0,"name":"Shaded","section":"Shading Mode"},"sceneLighting":false,"audioPlay":false,"sceneViewState":{"showFog":true,"showMaterialUpdate":false,"showSkybox":false,"showFlares":true,"showImageEffects":true,"showParticleSystems":true},"in2DMode":false,"pivot":{"x":154.6109619140625,"y":52.876861572265628,"z":8.787638664245606},"rotation":{"x":-0.0014219300355762244,"y":-0.997297465801239,"z":-0.0200502872467041,"w":0.07072294503450394},"size":4.919058799743652,"orthographic":false}